{"cameraMode":{"drawMode":0,"name":"Shaded","section":"Shading Mode"},"sceneLighting":true,"audioPlay":false,"sceneViewState":{"showFog":false,"showMaterialUpdate":false,"showSkybox":false,"showFlares":false,"showImageEffects":false,"showParticleSystems":true},"in2DMode":false,"pivot":{"x":14.480414390563965,"y":4.2539262771606449,"z":-14.352499008178711},"rotation":{"x":0.1853976547718048,"y":0.18449944257736207,"z":-0.035463422536849979,"w":0.964536190032959},"size":22.0,"orthographic":false}